"","MEyellow","MElightpink4","MEdarkturquoise","MEroyalblue","MEviolet","MEdarkgrey"
"UNr",NA,0.391120280470717,NA,NA,NA,-0.455869419456275
"UNHmax",-0.581322278544811,NA,NA,0.558299523183389,NA,NA
"UNInflection_DD",NA,NA,0.51333968531545,NA,-0.627015668225086,NA
"UNduration",NA,NA,0.518797349200635,NA,-0.649046868347902,NA
"UNSTP",-0.581646299050396,NA,NA,0.556495135062977,NA,NA
